Repository,Repository_owner,Repository_fullname,Is_fork,Parent,Stars,Watchers,Forks,Description,Language,Languages,Topic,Contributors,Open_issues,Open_pull_requests,License,Created,Last_update
freeCodeCamp,freeCodeCamp,freeCodeCamp/freeCodeCamp,False,,364380,364380,31658,freeCodeCamp.org's open-source codebase and curriculum. Learn to code for free.,TypeScript,"['TypeScript', 'JavaScript', 'CSS', 'Dockerfile', 'EJS', 'HTML', 'Shell', 'Less']","['careers', 'certification', 'community', 'curriculum', 'd3', 'education', 'freecodecamp', 'hacktoberfest', 'javascript', 'learn-to-code', 'math', 'nodejs', 'nonprofits', 'programming', 'react', 'teachers']",397,202,63,LICENSE.md,2014-12-24 17:49:19,2023-04-13 10:20:00
free-programming-books,EbookFoundation,EbookFoundation/free-programming-books,False,,275887,275887,54741,:books: Freely available programming books,,[],"['books', 'education', 'hacktoberfest', 'list', 'resource']",430,39,12,LICENSE,2013-10-11 06:50:37,2023-04-13 10:02:33
996.ICU,996icu,996icu/996.ICU,False,,265541,265541,21423,Repo for counting stars and contributing. Press F to pay respect to glorious developers.,,[],[],406,16736,19,LICENSE,2019-03-26 07:31:14,2023-04-13 10:22:53
coding-interview-university,jwasham,jwasham/coding-interview-university,False,,254553,254553,67054,A complete computer science study plan to become a software engineer.,,[],"['algorithm', 'algorithms', 'coding-interview', 'coding-interviews', 'computer-science', 'data-structures', 'interview', 'interview-prep', 'interview-preparation', 'programming-interviews', 'software-engineering', 'study-plan']",278,57,13,LICENSE.txt,2016-06-06 02:34:12,2023-04-13 10:08:04
awesome,sindresorhus,sindresorhus/awesome,False,,248921,248921,25393,üòé Awesome lists about all kinds of interesting topics,,[],"['awesome', 'awesome-list', 'lists', 'resources', 'unicorns']",437,70,44,license,2014-07-11 13:42:37,2023-04-13 10:12:16
developer-roadmap,kamranahmedse,kamranahmedse/developer-roadmap,False,,236726,236726,33633,"Interactive roadmaps, guides and other educational content to help developers grow in their careers.",Astro,"['Astro', 'JavaScript', 'TypeScript', 'CSS']","['angular-roadmap', 'backend-roadmap', 'blockchain-roadmap', 'computer-science', 'dba-roadmap', 'developer-roadmap', 'devops-roadmap', 'frontend-roadmap', 'go-roadmap', 'java-roadmap', 'javascript-roadmap', 'nodejs-roadmap', 'python-roadmap', 'qa-roadmap', 'react-roadmap', 'roadmap', 'software-architect-roadmap', 'vue-roadmap']",469,351,118,license,2017-03-15 13:45:52,2023-04-13 10:23:03
public-apis,public-apis,public-apis/public-apis,False,,235881,235881,26796,A collective list of free APIs,Python,"['Python', 'Shell']","['api', 'apis', 'dataset', 'development', 'free', 'list', 'lists', 'open-source', 'public', 'public-api', 'public-apis', 'resources', 'software']",433,181,139,LICENSE,2016-03-20 23:49:42,2023-04-13 10:14:07
system-design-primer,donnemartin,donnemartin/system-design-primer,False,,217502,217502,38667,Learn how to design large-scale systems. Prep for the system design interview.  Includes Anki flashcards.,Python,"['Python', 'Shell']","['design', 'design-patterns', 'design-system', 'development', 'interview', 'interview-practice', 'interview-questions', 'programming', 'python', 'system', 'web', 'web-application', 'webapp']",110,372,197,LICENSE.txt,2017-02-26 16:15:28,2023-04-13 10:24:42
react,facebook,facebook/react,False,,205736,205736,42872,The library for web and native user interfaces,JavaScript,"['JavaScript', 'HTML', 'CSS', 'C++', 'TypeScript', 'CoffeeScript', 'C', 'Shell', 'Python', 'Makefile']","['declarative', 'frontend', 'javascript', 'library', 'react', 'ui']",426,1234,275,LICENSE,2013-05-24 16:15:54,2023-04-13 10:18:57
vue,vuejs,vuejs/vue,False,,203151,203151,33586,"This is the repo for Vue 2. For Vue 3, go to https://github.com/vuejs/core",TypeScript,"['TypeScript', 'JavaScript', 'HTML', 'CSS', 'Shell']","['framework', 'frontend', 'javascript', 'vue']",349,629,264,LICENSE,2013-07-29 03:24:51,2023-04-13 10:19:14
tensorflow,tensorflow,tensorflow/tensorflow,False,,173291,173291,88108,An Open Source Machine Learning Framework for Everyone,C++,"['C++', 'Python', 'MLIR', 'Starlark', 'HTML', 'Go', 'C', 'Java', 'Jupyter Notebook', 'Shell', 'Objective-C++', 'CMake', 'Objective-C', 'Smarty', 'Swift', 'Batchfile', 'SourcePawn', 'C#', 'Ruby', 'Perl', 'LLVM', 'Pawn', 'Dockerfile', 'Cython', 'Roff', 'Makefile', 'Vim Snippet']","['deep-learning', 'deep-neural-networks', 'distributed', 'machine-learning', 'ml', 'neural-network', 'python', 'tensorflow']",411,2217,233,LICENSE,2015-11-07 01:19:20,2023-04-13 10:03:39
javascript-algorithms,trekhleb,trekhleb/javascript-algorithms,False,,168404,168404,27638,üìù Algorithms and data structures implemented in JavaScript with explanations and links to further readings,JavaScript,"['JavaScript', 'Shell']","['algorithm', 'algorithms', 'computer-science', 'data-structures', 'interview', 'interview-preparation', 'javascript', 'javascript-algorithms']",192,305,197,LICENSE,2018-03-24 07:47:04,2023-04-13 09:48:06
You-Dont-Know-JS,getify,getify/You-Dont-Know-JS,False,,166696,166696,32416,A book series on JavaScript. @YDKJS on twitter.,,[],"['async', 'book', 'book-series', 'closures', 'education', 'es2015', 'es6', 'javascript', 'learn-to-code', 'programming', 'prototypes', 'training-materials', 'training-providers']",172,132,49,LICENSE.txt,2013-11-16 02:37:24,2023-04-13 08:21:27
awesome-python,vinta,vinta/awesome-python,False,,163835,163835,22926,"A curated list of awesome Python frameworks, libraries, software and resources",Python,"['Python', 'Makefile']","['awesome', 'collections', 'python', 'python-framework', 'python-library', 'python-resources']",364,341,325,LICENSE,2014-06-27 21:00:06,2023-04-13 10:24:45
bootstrap,twbs,twbs/bootstrap,False,,162869,162869,78206,"The most popular HTML, CSS, and JavaScript framework for developing responsive, mobile first projects on the web.",JavaScript,"['JavaScript', 'HTML', 'SCSS', 'CSS', 'PowerShell']","['bootstrap', 'css', 'css-framework', 'html', 'javascript', 'sass', 'scss']",367,373,95,LICENSE,2011-07-29 21:19:00,2023-04-13 10:19:03
ohmyzsh,ohmyzsh,ohmyzsh/ohmyzsh,False,,157606,157606,25144,"üôÉ   A delightful community-driven (with 2,100+ contributors) framework for managing your zsh configuration. Includes 300+ optional plugins (rails, git, macOS, hub, docker, homebrew, node, php, python, etc), 140+ themes to spice up your morning, and an auto-update tool so that makes it easy to keep up with the latest updates from the community.",Shell,"['Shell', 'Python', 'Makefile']","['cli', 'cli-app', 'hacktoberfest', 'oh-my-zsh', 'oh-my-zsh-plugin', 'oh-my-zsh-theme', 'ohmyzsh', 'plugin-framework', 'plugins', 'productivity', 'shell', 'terminal', 'theme', 'themes', 'zsh', 'zsh-configuration']",391,613,410,LICENSE.txt,2009-08-28 18:15:37,2023-04-13 10:03:28
Python,TheAlgorithms,TheAlgorithms/Python,False,,157178,157178,39661,All Algorithms implemented in Python,Python,['Python'],"['algorithm', 'algorithm-competitions', 'algorithms-implemented', 'algos', 'community-driven', 'education', 'hacktoberfest', 'interview', 'learn', 'practice', 'python', 'searches', 'sorting-algorithms', 'sorts']",459,151,131,LICENSE.md,2016-07-16 09:44:01,2023-04-13 10:18:25
flutter,flutter,flutter/flutter,False,,152158,152158,25097,Flutter makes it easy and fast to build beautiful apps for mobile and beyond,Dart,"['Dart', 'C++', 'Objective-C', 'Java', 'CMake', 'Shell', 'Ruby', 'HTML', 'JavaScript', 'Swift', 'Batchfile', 'Kotlin', 'C', 'CSS', 'Dockerfile', 'PowerShell', 'GLSL']","['android', 'app-framework', 'cross-platform', 'dart', 'dart-platform', 'desktop', 'flutter', 'flutter-package', 'fuchsia', 'ios', 'linux-desktop', 'macos', 'material-design', 'mobile', 'mobile-development', 'skia', 'web', 'web-framework', 'windows']",386,11506,177,LICENSE,2015-03-06 22:54:58,2023-04-13 10:06:05
gitignore,github,github/gitignore,False,,146805,146805,83744,A collection of useful .gitignore templates,,[],"['git', 'gitignore']",419,404,399,LICENSE,2010-11-08 20:17:14,2023-04-13 09:45:35
vscode,microsoft,microsoft/vscode,False,,144924,144924,25339,Visual Studio Code,TypeScript,"['TypeScript', 'JavaScript', 'CSS', 'HTML', 'Rust', 'Inno Setup', 'Shell', 'Scilab', 'Batchfile', 'PowerShell', 'SCSS', 'Groovy', 'Cuda', 'C++', 'Makefile', 'Python', 'Perl', 'Ruby', 'TeX', 'Objective-C', 'Objective-C++', 'Clojure', 'Handlebars', 'Less', 'PHP', 'Julia', 'Jupyter Notebook', 'Visual Basic .NET', 'Dockerfile', 'C', 'C#', 'Pug', 'Go', 'F#', 'Java', 'CoffeeScript', 'R', 'Roff', 'ShaderLab', 'Dart', 'Swift', 'Lua', 'HLSL', 'Hack']","['editor', 'electron', 'hacktoberfest', 'microsoft', 'typescript', 'visual-studio-code']",345,6754,368,LICENSE.txt,2015-09-03 20:23:38,2023-04-13 09:23:59
computer-science,ossu,ossu/computer-science,False,,137759,137759,17829,:mortar_board: Path to a free self-taught education in Computer Science!,,[],"['awesome-list', 'computer-science', 'courses', 'curriculum']",129,16,0,LICENSE,2014-05-04 00:18:39,2023-04-13 10:25:01
javascript,airbnb,airbnb/javascript,False,,133138,133138,25242,JavaScript Style Guide,JavaScript,['JavaScript'],"['arrow-functions', 'es2015', 'es2016', 'es2017', 'es2018', 'es6', 'eslint', 'javascript', 'linting', 'naming-conventions', 'style-guide', 'style-linter', 'styleguide', 'tc39']",408,161,65,LICENSE.md,2012-11-01 23:13:50,2023-04-13 10:24:10
awesome-selfhosted,awesome-selfhosted,awesome-selfhosted/awesome-selfhosted,False,,127341,127341,7391,A list of Free Software network services and web applications which can be hosted on your own servers,Makefile,['Makefile'],"['awesome', 'awesome-list', 'cloud', 'hosting', 'privacy', 'self-hosted', 'selfhosted']",411,76,25,LICENSE,2015-06-01 02:33:17,2023-04-13 10:14:03
youtube-dl,ytdl-org,ytdl-org/youtube-dl,False,,119485,119485,8883,Command-line program to download videos from YouTube.com and other video sites,Python,"['Python', 'Shell', 'Makefile', 'ActionScript', 'Batchfile']",[],390,4735,910,LICENSE,2010-10-31 14:35:07,2023-04-13 10:16:05
30-seconds-of-code,30-seconds,30-seconds/30-seconds-of-code,False,,110391,110391,11393,Short JavaScript code snippets for all your development needs,JavaScript,['JavaScript'],"['awesome-list', 'education', 'es6-javascript', 'javascript', 'learn-to-code', 'learning-resources', 'nodejs', 'programming', 'snippets', 'snippets-collection']",251,0,0,LICENSE,2017-11-29 17:35:03,2023-04-13 09:22:43
go,golang,golang/go,False,,110212,110212,16224,The Go programming language,Go,"['Go', 'Assembly', 'HTML', 'C', 'Shell', 'Perl', 'JavaScript', 'Python', 'Batchfile', 'Dockerfile', 'C++', 'Makefile', 'Awk', 'Fortran']","['go', 'golang', 'language', 'programming-language']",391,8279,330,LICENSE,2014-08-19 04:33:40,2023-04-13 10:19:12
react-native,facebook,facebook/react-native,False,,108942,108942,23145,A framework for building native applications using React,Java,"['Java', 'C++', 'JavaScript', 'Objective-C', 'Objective-C++', 'Starlark', 'Ruby', 'Kotlin', 'Shell', 'TypeScript', 'CMake', 'C', 'Assembly', 'XSLT', 'HTML', 'Batchfile']","['android', 'app-framework', 'cross-platform', 'ios', 'mobile', 'mobile-development', 'react', 'react-native']",329,2075,297,LICENSE-docs,2015-01-09 18:10:16,2023-04-13 09:37:32
electron,electron,electron/electron,False,,106819,106819,14544,":electron: Build cross-platform desktop apps with JavaScript, HTML, and CSS",C++,"['C++', 'TypeScript', 'Objective-C++', 'JavaScript', 'Python', 'Objective-C', 'HTML', 'Shell', 'Batchfile', 'C', 'CSS', 'PowerShell']","['c-plus-plus', 'chrome', 'css', 'electron', 'html', 'javascript', 'nodejs', 'v8', 'works-with-codespaces']",383,943,104,LICENSE,2013-04-12 01:47:36,2023-04-13 10:18:18
d3,d3,d3/d3,False,,104999,104999,23304,"Bring data to life with SVG, Canvas and HTML. :bar_chart::chart_with_upwards_trend::tada:",JavaScript,['JavaScript'],"['chart', 'charts', 'data-visualization', 'svg', 'visualization']",120,6,0,LICENSE,2010-09-27 17:22:42,2023-04-13 09:21:40
next.js,vercel,vercel/next.js,False,,104258,104258,23422,The React Framework,JavaScript,"['JavaScript', 'TypeScript', 'Rust', 'CSS', 'SCSS', 'Shell', 'Dockerfile', 'Batchfile', 'Sass']","['blog', 'browser', 'compiler', 'components', 'hybrid', 'nextjs', 'node', 'react', 'server-rendering', 'ssg', 'static', 'static-site-generator', 'universal', 'vercel']",450,1704,272,license.md,2016-10-05 23:32:51,2023-04-13 10:18:47
free-programming-books-zh_CN,justjavac,justjavac/free-programming-books-zh_CN,False,,101677,101677,27398,:books: ÂÖçË¥πÁöÑËÆ°ÁÆóÊú∫ÁºñÁ®ãÁ±ª‰∏≠Êñá‰π¶Á±çÔºåÊ¨¢ËøéÊäïÁ®ø,,[],"['android', 'angular', 'books', 'free', 'ios', 'javascript', 'kotlin', 'pdf', 'programming', 'python', 'react', 'react-native', 'swift', 'vue']",119,27,26,LICENSE,2013-11-04 01:59:19,2023-04-13 10:08:25
awesome-go,avelino,avelino/awesome-go,False,,99743,99743,10876,"A curated list of awesome Go frameworks, libraries and software",Go,['Go'],"['awesome', 'awesome-list', 'go', 'golang', 'golang-library', 'hacktoberfest']",429,149,145,LICENSE,2014-07-06 13:42:15,2023-04-13 09:59:48
axios,axios,axios/axios,False,,99690,99690,10269,Promise based HTTP client for the browser and node.js,JavaScript,"['JavaScript', 'TypeScript', 'HTML', 'Handlebars']","['hacktoberfest', 'http-client', 'javascript', 'nodejs', 'promise']",401,415,50,LICENSE,2014-08-18 22:30:27,2023-04-13 09:53:08
create-react-app,facebook,facebook/create-react-app,False,,99453,99453,26247,Set up a modern web app by running one command.,JavaScript,"['JavaScript', 'Shell', 'CSS', 'HTML', 'AppleScript', 'TypeScript', 'SCSS', 'Sass']","['build-tools', 'react', 'zero-configuration']",455,1981,421,LICENSE,2016-07-17 14:55:11,2023-04-13 09:18:52
project-based-learning,practical-tutorials,practical-tutorials/project-based-learning,False,,97697,97697,13707,Curated list of project-based tutorials,,[],"['beginner-project', 'cpp', 'golang', 'javascript', 'project', 'python', 'tutorial', 'webdevelopment']",100,33,16,LICENSE.md,2017-04-12 05:07:46,2023-04-13 10:22:04
kubernetes,kubernetes,kubernetes/kubernetes,False,,97414,97414,35781,Production-Grade Container Scheduling and Management,Go,"['Go', 'Shell', 'PowerShell', 'Makefile', 'Dockerfile', 'Python', 'C', 'sed', 'Batchfile', 'HTML']","['cncf', 'containers', 'go', 'kubernetes']",358,2448,792,LICENSE,2014-06-06 22:56:04,2023-04-13 10:03:50
the-book-of-secret-knowledge,trimstray,trimstray/the-book-of-secret-knowledge,False,,95104,95104,7179,"A collection of inspiring lists, manuals, cheatsheets, blogs, hacks, one-liners, cli/web tools and more.",,[],"['awesome', 'awesome-list', 'bsd', 'cheatsheets', 'devops', 'guidelines', 'hacking', 'hacks', 'howtos', 'linux', 'lists', 'manuals', 'one-liners', 'pentesters', 'resources', 'search-engines', 'security', 'security-researchers', 'sysops']",98,44,39,LICENSE.md,2018-06-23 10:43:14,2023-04-13 10:08:27
node,nodejs,nodejs/node,False,,94590,94590,25667,Node.js JavaScript runtime :sparkles::turtle::rocket::sparkles:,JavaScript,"['JavaScript', 'C++', 'Python', 'C', 'HTML', 'Shell', 'Makefile', 'Batchfile', 'Emacs Lisp', 'Perl', 'R', 'TypeScript', 'Assembly']","['javascript', 'js', 'linux', 'macos', 'mit', 'node', 'nodejs', 'runtime', 'windows']",443,1715,423,LICENSE,2014-11-26 19:57:11,2023-04-13 10:06:07
transformers,huggingface,huggingface/transformers,False,,92674,92674,19538,"ü§ó Transformers: State-of-the-art Machine Learning for Pytorch, TensorFlow, and JAX.",Python,"['Python', 'Cuda', 'Shell', 'Dockerfile', 'C++', 'C', 'Cython', 'Makefile', 'Jsonnet']","['bert', 'deep-learning', 'flax', 'hacktoberfest', 'jax', 'language-model', 'language-models', 'machine-learning', 'model-hub', 'natural-language-processing', 'nlp', 'nlp-library', 'pretrained-models', 'python', 'pytorch', 'pytorch-transformers', 'seq2seq', 'speech-recognition', 'tensorflow', 'transformer']",437,673,141,LICENSE,2018-10-29 13:56:00,2023-04-13 10:14:35
three.js,mrdoob,mrdoob/three.js,False,,90724,90724,34433,JavaScript 3D Library.,JavaScript,"['JavaScript', 'HTML', 'Roff', 'SCSS', 'CSS']","['3d', 'augmented-reality', 'canvas', 'html5', 'javascript', 'svg', 'virtual-reality', 'webaudio', 'webgl', 'webgl2', 'webgpu', 'webxr']",364,492,131,LICENSE,2010-03-23 18:58:01,2023-04-13 10:02:40
TypeScript,microsoft,microsoft/TypeScript,False,,90324,90324,11670,TypeScript is a superset of JavaScript that compiles to clean JavaScript output.,TypeScript,"['TypeScript', 'JavaScript', 'Dockerfile', 'Shell']","['javascript', 'language', 'typechecker', 'typescript']",353,6115,250,LICENSE.txt,2014-06-17 15:28:39,2023-04-13 09:44:34
PowerToys,microsoft,microsoft/PowerToys,False,,89454,89454,5161,Windows system utilities to maximize productivity,C#,"['C#', 'C++', 'PowerShell', 'C', 'HTML', 'Batchfile', 'HLSL', 'JavaScript']","['color-picker', 'desktop', 'fancyzones', 'keyboard-manager', 'microsoft-powertoys', 'powerrename', 'powertoys', 'windows']",345,4819,22,LICENSE,2019-05-01 17:44:02,2023-04-13 10:28:56
tech-interview-handbook,yangshun,yangshun/tech-interview-handbook,False,,89363,89363,11678,üíØ Curated coding interview preparation materials for busy software engineers,TypeScript,"['TypeScript', 'JavaScript', 'Python', 'HTML', 'CSS']","['algorithm', 'algorithm-interview', 'algorithm-interview-questions', 'algorithms', 'behavioral-interviews', 'coding-interviews', 'interview-practice', 'interview-preparation', 'interview-questions', 'system-design']",136,16,1,LICENSE,2016-07-05 05:00:48,2023-04-13 10:25:25
deno,denoland,denoland/deno,False,,88909,88909,4816,A modern runtime for JavaScript and TypeScript.,Rust,"['Rust', 'JavaScript', 'TypeScript', 'Lua', 'C', 'Dockerfile']","['deno', 'javascript', 'rust', 'typescript']",436,1319,92,LICENSE.md,2018-05-15 01:34:26,2023-04-13 10:27:38
nodebestpractices,goldbergyoni,goldbergyoni/nodebestpractices,False,,88592,88592,9161,:white_check_mark:  The Node.js best practices list (March 2023),JavaScript,"['JavaScript', 'Dockerfile', 'CSS', 'HTML', 'TypeScript']","['best-practices', 'es6', 'eslint', 'express', 'expressjs', 'javascript', 'jest', 'microservices', 'mocha', 'node-js', 'nodejs', 'nodejs-development', 'npm', 'rest', 'style-guide', 'styleguide', 'testing', 'types']",220,41,18,LICENSE,2017-09-15 08:33:19,2023-04-13 10:07:08
terminal,microsoft,microsoft/terminal,False,,88343,88343,7729,"The new Windows Terminal and the original Windows console host, all in the same place!",C++,"['C++', 'C#', 'C', 'PowerShell', 'Batchfile', 'HLSL', 'Python', 'Roff', 'JavaScript', 'HTML']","['cmd', 'command-line', 'console', 'terminal', 'windows-console', 'windows-terminal', 'wsl']",351,1548,56,LICENSE,2017-08-11 18:38:22,2023-04-13 09:57:40
angular,angular,angular/angular,False,,87451,87451,23391,The modern web developer‚Äôs platform,TypeScript,"['TypeScript', 'JavaScript', 'Starlark', 'HTML', 'CSS', 'SCSS', 'Shell', 'NASL', 'jq', 'Less']","['angular', 'javascript', 'pwa', 'typescript', 'web', 'web-framework', 'web-performance']",387,1412,196,LICENSE,2014-09-18 16:12:01,2023-04-13 10:24:39
material-ui,mui,mui/material-ui,False,,85776,85776,29546,"MUI Core: Ready-to-use foundational React components, free forever. It includes Material UI, which implements Google's Material Design.",JavaScript,"['JavaScript', 'TypeScript', 'HTML']","['design-systems', 'hacktoberfest', 'javascript', 'material-design', 'react', 'react-components', 'typescript']",421,1436,191,LICENSE,2014-08-18 19:11:54,2023-04-13 09:44:54
ant-design,ant-design,ant-design/ant-design,False,,85392,85392,38937,An enterprise-class UI design language and React UI library,TypeScript,"['TypeScript', 'JavaScript', 'CSS', 'Shell', 'HTML']","['ant-design', 'antd', 'design-systems', 'react', 'typescript', 'ui-kit', 'ui-library']",379,956,60,LICENSE,2015-04-24 15:37:24,2023-04-13 09:22:41
puppeteer,puppeteer,puppeteer/puppeteer,False,,82684,82684,8875,Headless Chrome Node.js API,TypeScript,"['TypeScript', 'JavaScript', 'HTML', 'CSS', 'Dockerfile', 'Shell']","['automation', 'chrome', 'chromium', 'developer-tools', 'headless-chrome', 'node-module', 'testing', 'web']",445,263,5,LICENSE,2017-05-09 22:16:13,2023-04-13 08:32:48
vue-element-admin,PanJiaChen,PanJiaChen/vue-element-admin,False,,81777,81777,29543,:tada: A magical vue admin                                                                https://panjiachen.github.io/vue-element-admin,Vue,"['Vue', 'JavaScript', 'SCSS', 'CSS', 'Handlebars', 'HTML']","['admin', 'admin-dashboard', 'admin-template', 'axios', 'dashboard', 'desktop', 'element', 'element-ui', 'i18n', 'management-system', 'mock', 'tinymce', 'vue', 'vue-admin', 'vue-cli', 'vuex', 'webpack', 'webpack4', 'xlsx']",115,1280,100,LICENSE,2017-04-17 03:35:49,2023-04-13 10:26:48
clean-code-javascript,ryanmcdermott,ryanmcdermott/clean-code-javascript,False,,81439,81439,11031,:bathtub: Clean Code concepts adapted for JavaScript,JavaScript,['JavaScript'],"['best-practices', 'clean-architecture', 'clean-code', 'composition', 'inheritance', 'javascript', 'principles']",106,82,25,LICENSE,2016-11-25 22:25:41,2023-04-13 09:48:10
scrcpy,Genymobile,Genymobile/scrcpy,False,,80927,80927,8360,Display and control your Android device,C,"['C', 'Java', 'Roff', 'Meson', 'Shell', 'Makefile', 'AIDL', 'VBScript', 'Batchfile']","['android', 'c', 'ffmpeg', 'libav', 'mirroring', 'recording', 'screen', 'sdl2']",109,1314,34,LICENSE,2017-11-21 18:00:27,2023-04-13 10:02:59
java-design-patterns,iluwatar,iluwatar/java-design-patterns,False,,80905,80905,24855,Design patterns implemented in Java,Java,"['Java', 'HTML', 'CSS']","['awesome-list', 'design-patterns', 'hacktoberfest', 'java', 'principles', 'snippets', 'snippets-collection', 'snippets-library']",334,192,9,LICENSE.md,2014-08-09 16:45:18,2023-04-13 09:48:06
rust,rust-lang,rust-lang/rust,False,,80190,80190,10669,Empowering everyone to build reliable and efficient software.,Rust,"['Rust', 'JavaScript', 'Python', 'HTML', 'Shell', 'Fluent', 'Makefile', 'TypeScript', 'C++', 'Dockerfile', 'CSS', 'C', 'Roff', 'Assembly', 'RenderScript', 'Pascal', 'Puppet', 'XSLT', 'PowerShell', 'RPC', 'CMake', 'Batchfile']","['compiler', 'hacktoberfest', 'language', 'rust']",436,9550,715,COPYRIGHT,2010-06-16 20:39:03,2023-04-13 10:17:05
storybook,storybookjs,storybookjs/storybook,False,,77999,77999,8339,"Storybook is a frontend workshop for building UI components and pages in isolation. Made for UI development, testing, and documentation. ",TypeScript,"['TypeScript', 'JavaScript', 'Vue', 'Svelte', 'HTML', 'CSS', 'EJS', 'Pug', 'Handlebars', 'Shell', 'Boo', 'SCSS']","['angular', 'components', 'design-systems', 'documentation', 'ember', 'html', 'javascript', 'react', 'react-native', 'storybook', 'styleguide', 'svelte', 'testing', 'typescript', 'ui', 'ui-components', 'vue', 'web-components', 'webpack']",365,2105,85,LICENSE,2016-03-18 04:23:44,2023-04-13 09:20:08
animate.css,animate-css,animate-css/animate.css,False,,77546,77546,16408,üçø A cross-browser library of CSS animations. As easy to use as an easy thing.,CSS,"['CSS', 'HTML', 'JavaScript', 'Shell']","['animation', 'css', 'css-animations', 'stylesheets']",114,53,27,LICENSE,2011-10-12 10:07:38,2023-04-13 10:13:09
thefuck,nvbn,nvbn/thefuck,False,,76860,76860,3346,Magnificent app which corrects your previous console command.,Python,"['Python', 'Dockerfile', 'Shell']","['python', 'shell']",168,285,72,LICENSE.md,2015-04-08 15:08:04,2023-04-13 10:21:18
models,tensorflow,tensorflow/models,False,,75607,75607,46215,Models and examples built with TensorFlow,Jupyter Notebook,"['Jupyter Notebook', 'Python', 'C++', 'Shell', 'Starlark', 'Dockerfile']",[],371,1208,171,LICENSE,2016-02-05 01:15:20,2023-04-13 10:23:51
realworld,gothinkster,gothinkster/realworld,False,,73904,73904,6873,"""The mother of all demo apps"" ‚Äî Exemplary fullstack Medium.com clone powered by React, Angular, Node, Django, and many more",TypeScript,"['TypeScript', 'CSS', 'HTML', 'JavaScript', 'Shell']",[],75,66,15,LICENSE,2016-02-26 20:49:53,2023-04-13 10:02:31
Font-Awesome,FortAwesome,FortAwesome/Font-Awesome,False,,71259,71259,12381,"The iconic SVG, font, and CSS toolkit",JavaScript,"['JavaScript', 'SCSS', 'CSS', 'Less']","['css', 'font', 'fontawesome', 'icons', 'svg-icons', 'svg-sprites', 'webfont']",3,5343,30,LICENSE.txt,2012-02-17 14:19:43,2023-04-13 08:21:45
every-programmer-should-know,mtdvio,mtdvio/every-programmer-should-know,False,,70278,70278,6722,A collection of (mostly) technical things every software developer should know about,,[],"['cc-by', 'collection', 'computer-science', 'educational', 'novice']",78,44,20,LICENSE,2017-08-24 13:18:26,2023-04-13 09:08:25
django,django,django/django,False,,69830,69830,29031,The Web framework for perfectionists with deadlines.,Python,"['Python', 'HTML', 'JavaScript', 'CSS', 'Shell', 'Smarty', 'Makefile', 'Procfile']","['apps', 'django', 'framework', 'models', 'orm', 'python', 'templates', 'views', 'web']",395,149,143,LICENSE,2012-04-28 02:47:18,2023-04-13 08:21:08
FiraCode,tonsky,tonsky/FiraCode,False,,69590,69590,2974,Free monospaced font with programming ligatures,Clojure,"['Clojure', 'Shell', 'Python', 'HTML', 'CSS', 'PureBasic', 'Dockerfile', 'Makefile']","['font', 'ligatures', 'programming-ligatures']",109,361,4,LICENSE,2014-11-11 19:32:38,2023-04-13 09:56:35
advanced-java,doocs,doocs/advanced-java,False,,69545,69545,18204,üòÆ Core Interview Questions & Answers For Experienced Java(Backend) Developers | ‰∫íËÅîÁΩë Java Â∑•Á®ãÂ∏àËøõÈò∂Áü•ËØÜÂÆåÂÖ®Êâ´Áõ≤ÔºöÊ∂µÁõñÈ´òÂπ∂Âèë„ÄÅÂàÜÂ∏ÉÂºè„ÄÅÈ´òÂèØÁî®„ÄÅÂæÆÊúçÂä°„ÄÅÊµ∑ÈáèÊï∞ÊçÆÂ§ÑÁêÜÁ≠âÈ¢ÜÂüüÁü•ËØÜ,Java,"['Java', 'JavaScript']","['advanced-java', 'distributed-search-engine', 'distributed-systems', 'doocs', 'dubbo', 'elasticsearch', 'eureka', 'feign', 'high-availability', 'high-concurrency', 'hystrix', 'java', 'message-queue', 'microservices-architecture', 'redis', 'ribbon', 'rpc', 'spring-cloud', 'springcloud-config', 'zookeeper']",36,2,0,LICENSE,2018-10-06 11:38:30,2023-04-13 08:57:11
bitcoin,bitcoin,bitcoin/bitcoin,False,,69038,69038,34056,Bitcoin Core integration/staging tree,C++,"['C++', 'Python', 'C', 'M4', 'Shell', 'Makefile', 'Sage', 'CMake', 'Assembly', 'Scheme', 'HTML', 'Objective-C++', 'Dockerfile', ""Cap'n Proto"", 'Java', 'QMake', 'Batchfile']","['bitcoin', 'c-plus-plus', 'cryptocurrency', 'cryptography', 'p2p']",350,684,315,COPYING,2010-12-19 15:16:43,2023-04-13 09:53:36
Web-Dev-For-Beginners,microsoft,microsoft/Web-Dev-For-Beginners,False,,68677,68677,10758,"24 Lessons, 12 Weeks, Get Started as a Web Developer",JavaScript,"['JavaScript', 'HTML', 'CSS', 'Vue']","['css', 'curriculum', 'education', 'html', 'javascript', 'learning', 'tutorials']",202,66,55,LICENSE,2020-11-10 02:44:00,2023-04-13 09:28:30
awesome-vue,vuejs,vuejs/awesome-vue,False,,68306,68306,9312,üéâ A curated list of awesome things related to Vue.js,,[],[],447,52,20,LICENSE,2015-10-20 00:16:14,2023-04-13 09:40:36
opencv,opencv,opencv/opencv,False,,68004,68004,54905,Open Source Computer Vision Library,C++,"['C++', 'C', 'Python', 'CMake', 'Java', 'Objective-C++', 'Cuda', 'Swift', 'JavaScript', 'Objective-C', 'HTML', 'Shell', 'Perl', 'PowerShell', 'Kotlin', 'TeX', 'AIDL', 'Batchfile', 'Prolog', 'Dockerfile']","['c-plus-plus', 'computer-vision', 'deep-learning', 'image-processing', 'opencv']",290,2495,115,LICENSE,2012-07-19 09:40:17,2023-04-13 10:10:38
gin,gin-gonic,gin-gonic/gin,False,,67899,67899,7361,"Gin is a HTTP web framework written in Go (Golang). It features a Martini-like API with much better performance -- up to 40 times faster. If you need smashing performance, get yourself some Gin.",Go,"['Go', 'Makefile']","['framework', 'gin', 'go', 'middleware', 'performance', 'router', 'server']",373,670,166,LICENSE,2014-06-16 23:57:25,2023-04-13 10:31:28
tailwindcss,tailwindlabs,tailwindlabs/tailwindcss,False,,67127,67127,3459,A utility-first CSS framework for rapid UI development.,HTML,"['HTML', 'JavaScript', 'CSS', 'Rust', 'TypeScript', 'Shell', 'Svelte', 'SCSS']","['css', 'css-framework', 'functional-css', 'postcss', 'responsive', 'tailwindcss', 'utility-classes']",239,14,9,LICENSE,2017-10-06 14:59:14,2023-04-13 10:29:28
svelte,sveltejs,sveltejs/svelte,False,,66933,66933,3279,Cybernetically enhanced web apps,TypeScript,"['TypeScript', 'Svelte', 'JavaScript']","['compiler', 'template', 'ui']",426,831,71,LICENSE.md,2016-11-20 18:13:05,2023-04-13 10:28:19
spring-boot,spring-projects,spring-projects/spring-boot,False,,66598,66598,38382,Spring Boot,Java,"['Java', 'Kotlin', 'HTML', 'Shell', 'JavaScript', 'Groovy', 'Ruby', 'Smarty', 'Dockerfile', 'Batchfile', 'Mustache', 'Vim Snippet', 'CSS']","['framework', 'java', 'spring', 'spring-boot']",365,665,39,LICENSE.txt,2012-10-19 15:02:57,2023-04-13 09:16:30
hugo,gohugoio,gohugoio/hugo,False,,66502,66502,7133,The world‚Äôs fastest framework for building websites.,Go,"['Go', 'HTML', 'Shell', 'Dockerfile']","['blog-engine', 'cms', 'content-management-system', 'documentation-tool', 'go', 'hugo', 'static-site-generator']",427,723,70,LICENSE,2013-07-04 15:26:26,2023-04-13 10:24:30
json-server,typicode,typicode/json-server,False,,66390,66390,6538,Get a full fake REST API with zero coding in less than 30 seconds (seriously),JavaScript,"['JavaScript', 'HTML', 'CSS', 'Shell']",[],69,655,86,LICENSE,2013-11-27 13:21:13,2023-04-13 09:41:33
frp,fatedier,fatedier/frp,False,,66348,66348,11346,A fast reverse proxy to help you expose a local server behind a NAT or firewall to the internet.,Go,"['Go', 'Vue', 'TypeScript', 'Shell', 'JavaScript', 'Makefile', 'HTML', 'CSS']","['expose', 'firewall', 'frp', 'go', 'http-proxy', 'nat', 'proxy', 'reverse-proxy', 'tunnel']",85,109,2,LICENSE,2015-12-21 15:24:59,2023-04-13 09:14:51
nvm,nvm-sh,nvm-sh/nvm,False,,66229,66229,7108,Node Version Manager - POSIX-compliant bash script to manage multiple active node.js versions,Shell,"['Shell', 'Makefile', 'Dockerfile', 'JavaScript']","['bash', 'install', 'lts', 'node', 'node-js', 'nodejs', 'nvm', 'nvmrc', 'posix', 'posix-compliant', 'shell', 'version-manager', 'zsh']",331,375,58,LICENSE.md,2010-04-15 17:47:47,2023-04-13 09:57:27
moby,moby,moby/moby,False,,65684,65684,18607,Moby Project - a collaborative project for the container ecosystem to assemble container-based systems,Go,"['Go', 'Shell', 'Dockerfile', 'PowerShell', 'Makefile', 'Python', 'C', 'HCL', 'Assembly']","['containers', 'docker', 'go']",406,4314,326,LICENSE,2013-01-18 18:10:57,2023-04-13 06:40:26
pytorch,pytorch,pytorch/pytorch,False,,65237,65237,17997,Tensors and Dynamic neural networks in Python with strong GPU acceleration,C++,"['C++', 'Python', 'Cuda', 'C', 'Objective-C++', 'CMake', 'Starlark', 'Assembly', 'Shell', 'Jupyter Notebook', 'GLSL', 'Java', 'PureBasic', 'Metal', 'Objective-C', 'JavaScript', 'Dockerfile', 'Batchfile', 'Ruby', 'Makefile', 'HTML', 'Yacc', 'CSS', 'LLVM', 'PowerShell', 'GDB', 'Vim Script']","['autograd', 'deep-learning', 'gpu', 'machine-learning', 'neural-network', 'numpy', 'python', 'tensor']",345,11615,847,LICENSE,2016-08-13 05:26:41,2023-04-13 10:19:00
awesome-chatgpt-prompts,f,f/awesome-chatgpt-prompts,False,,65058,65058,7974,This repo includes ChatGPT prompt curation to use ChatGPT better.,HTML,['HTML'],"['bots', 'chatbot', 'chatgpt', 'chatgpt-api', 'language']",74,235,235,LICENSE,2022-12-05 13:54:13,2023-04-13 10:31:58
neovim,neovim,neovim/neovim,False,,64798,64798,4579,Vim-fork focused on extensibility and usability,Vim Script,"['Vim Script', 'C', 'Lua', 'Python', 'CMake', 'Shell', 'Scheme', 'Perl', 'Makefile', 'Roff', 'C++', 'KRL', 'Nix', 'MATLAB', 'HTML', 'Tcl', 'BitBake', 'Batchfile', 'Ruby']","['api', 'c', 'lua', 'neovim', 'nvim', 'text-editor', 'vim']",449,1664,296,LICENSE.txt,2014-01-31 13:39:22,2023-04-13 10:06:07
Front-End-Checklist,thedaviddias,thedaviddias/Front-End-Checklist,False,,64768,64768,6223,üóÇ The perfect Front-End Checklist for modern websites and meticulous developers,,[],"['checklist', 'css', 'front-end-developer-tool', 'front-end-development', 'frontend', 'guidelines', 'html', 'javascript', 'lists', 'reference', 'resources', 'web-development']",107,5,0,LICENSE,2017-10-16 10:12:36,2023-04-13 05:08:41
mall,macrozheng,macrozheng/mall,False,,64721,64721,26560,mallÈ°πÁõÆÊòØ‰∏ÄÂ•óÁîµÂïÜÁ≥ªÁªüÔºåÂåÖÊã¨ÂâçÂè∞ÂïÜÂüéÁ≥ªÁªüÂèäÂêéÂè∞ÁÆ°ÁêÜÁ≥ªÁªüÔºåÂü∫‰∫éSpringBoot+MyBatisÂÆûÁé∞ÔºåÈááÁî®DockerÂÆπÂô®ÂåñÈÉ®ÁΩ≤„ÄÇ ÂâçÂè∞ÂïÜÂüéÁ≥ªÁªüÂåÖÂê´È¶ñÈ°µÈó®Êà∑„ÄÅÂïÜÂìÅÊé®Ëçê„ÄÅÂïÜÂìÅÊêúÁ¥¢„ÄÅÂïÜÂìÅÂ±ïÁ§∫„ÄÅË¥≠Áâ©ËΩ¶„ÄÅËÆ¢ÂçïÊµÅÁ®ã„ÄÅ‰ºöÂëò‰∏≠ÂøÉ„ÄÅÂÆ¢Êà∑ÊúçÂä°„ÄÅÂ∏ÆÂä©‰∏≠ÂøÉÁ≠âÊ®°Âùó„ÄÇ ÂêéÂè∞ÁÆ°ÁêÜÁ≥ªÁªüÂåÖÂê´ÂïÜÂìÅÁÆ°ÁêÜ„ÄÅËÆ¢ÂçïÁÆ°ÁêÜ„ÄÅ‰ºöÂëòÁÆ°ÁêÜ„ÄÅ‰øÉÈîÄÁÆ°ÁêÜ„ÄÅËøêËê•ÁÆ°ÁêÜ„ÄÅÂÜÖÂÆπÁÆ°ÁêÜ„ÄÅÁªüËÆ°Êä•Ë°®„ÄÅË¥¢Âä°ÁÆ°ÁêÜ„ÄÅÊùÉÈôêÁÆ°ÁêÜ„ÄÅËÆæÁΩÆÁ≠âÊ®°Âùó„ÄÇ,Java,"['Java', 'Shell', 'Dockerfile']","['docker', 'elasticsearch', 'elk', 'java', 'mongodb', 'mybatis', 'mysql', 'rabbitmq', 'redis', 'spring', 'spring-boot', 'spring-cloud', 'spring-security', 'springboot', 'springcloud', 'swagger-ui']",1,32,6,LICENSE,2018-04-04 01:11:44,2023-04-13 09:39:20
app-ideas,florinpop17,florinpop17/app-ideas,False,,64085,64085,8355,A Collection of application ideas which can be used to improve your coding skills.,,[],"['applications', 'coding', 'hacktoberfest', 'ideas']",62,358,282,LICENSE,2019-02-25 18:36:56,2023-04-13 10:06:48
iptv,iptv-org,iptv-org/iptv,False,,63772,63772,209,Collection of publicly available IPTV channels from all over the world,JavaScript,"['JavaScript', 'Shell']","['iptv', 'm3u', 'playlist', 'streams', 'tv']",219,951,4,LICENSE,2018-11-14 22:00:57,2023-04-13 08:21:44
Awesome-Hacking,Hack-with-Github,Hack-with-Github/Awesome-Hacking,False,,63660,63660,8441,"A collection of various awesome lists for hackers, pentesters and security researchers",,[],"['android', 'awesome', 'bug-bounty', 'fuzzing', 'hacking', 'penetration-testing', 'pentesting-windows', 'reverse-engineering', 'security']",21,23,5,LICENSE,2016-03-30 15:47:10,2023-04-13 10:09:10
stable-diffusion-webui,AUTOMATIC1111,AUTOMATIC1111/stable-diffusion-webui,False,,63487,63487,11778,Stable Diffusion web UI,Python,"['Python', 'JavaScript', 'HTML', 'CSS', 'Shell', 'Batchfile']","['ai', 'ai-art', 'deep-learning', 'diffusion', 'gradio', 'image-generation', 'image2image', 'img2img', 'pytorch', 'stable-diffusion', 'text2image', 'torch', 'txt2img', 'unstable', 'upscaling', 'web']",364,1950,113,LICENSE.txt,2022-08-22 14:05:26,2023-04-13 10:30:12
reveal.js,hakimel,hakimel/reveal.js,False,,63478,63478,16499,The HTML Presentation Framework,JavaScript,"['JavaScript', 'HTML', 'SCSS', 'CSS']","['presentations', 'slides', 'slideshow']",294,734,86,LICENSE,2011-06-07 18:54:22,2023-04-13 05:16:18
elasticsearch,elastic,elastic/elasticsearch,False,,63348,63348,22960,"Free and Open, Distributed, RESTful Search Engine",Java,"['Java', 'Groovy', 'Shell', 'ANTLR', 'Python', 'Dockerfile', 'Batchfile', 'CSS', 'Emacs Lisp', 'AMPL', 'HTML', 'PowerShell', 'JavaScript', 'Mustache', 'FreeMarker']","['elasticsearch', 'java', 'search-engine']",344,4104,491,LICENSE.txt,2010-02-08 13:20:56,2023-04-13 08:54:40
webpack,webpack,webpack/webpack,False,,62929,62929,8709,"A bundler for javascript and friends. Packs many modules into a few bundled assets. Code Splitting allows for loading parts of the application on demand. Through ""loaders"", modules can be CommonJs, AMD, ES6 modules, CSS, Images, JSON, Coffeescript, LESS, ... and your custom stuff.",JavaScript,"['JavaScript', 'TypeScript', 'WebAssembly', 'CSS', 'CoffeeScript', 'HTML', 'Less', 'Pug', 'Shell']","['amd', 'build-tool', 'commonjs', 'compiler', 'es2015', 'es6', 'esm', 'javascript', 'javascript-compiler', 'javascript-modules', 'loaders', 'module-bundler', 'plugins', 'web', 'web-performance', 'webpack']",402,315,121,LICENSE,2012-03-10 10:08:14,2023-04-13 07:22:56
netdata,netdata,netdata/netdata,False,,62570,62570,5486,"Real-time performance monitoring, done right! https://www.netdata.cloud",C,"['C', 'JavaScript', 'Python', 'Shell', 'Jupyter Notebook', 'HTML', 'Makefile', 'C++', 'M4', 'CSS', 'CMake', 'Dockerfile', 'POV-Ray SDL', 'Kaitai Struct', 'Perl', 'Jolie', 'PHP']","['alerting', 'analytics', 'cncf', 'containers', 'dashboard', 'devops', 'docker', 'grafana', 'graphing', 'graphite', 'influxdb', 'iot', 'kubernetes', 'monitoring', 'netdata', 'notifications', 'observability', 'prometheus', 'statsd', 'time-series']",399,301,75,LICENSE,2013-06-17 18:39:10,2023-04-13 10:04:12
flask,pallets,pallets/flask,False,,62547,62547,15563,The Python micro framework for building web applications.,Python,"['Python', 'HTML', 'Shell', 'CSS']","['flask', 'jinja', 'pallets', 'python', 'web-framework', 'werkzeug', 'wsgi']",406,8,3,LICENSE.rst,2010-04-06 11:11:59,2023-04-13 10:04:11
swift,apple,apple/swift,False,,62312,62312,10027,The Swift Programming Language,C++,"['C++', 'Swift', 'C', 'Python', 'CMake', 'Objective-C', 'Shell', 'Objective-C++', 'LLVM', 'Emacs Lisp', 'Batchfile', 'Vim Script', 'Assembly', 'Roff', 'DTrace', 'Makefile', 'Ruby', 'D']",[],356,6453,675,LICENSE.txt,2015-10-23 21:15:07,2023-04-13 08:51:54
tauri,tauri-apps,tauri-apps/tauri,False,,62201,62201,1664,"Build smaller, faster, and more secure desktop applications with a web frontend.",Rust,"['Rust', 'TypeScript', 'JavaScript', 'Shell', 'NSIS', 'PowerShell', 'Dockerfile', 'HTML', 'AppleScript', 'Svelte', 'CSS', 'Batchfile', 'Standard ML']","['hacktoberfest', 'high-performance', 'rust', 'webview', 'works-with-clojurescript', 'works-with-construct', 'works-with-elm', 'works-with-flutter', 'works-with-gatsby', 'works-with-mint', 'works-with-phaser', 'works-with-quasar', 'works-with-react', 'works-with-reason', 'works-with-svelte', 'works-with-vue', 'works-with-yew']",233,464,61,LICENSE_APACHE-2.0,2019-07-13 09:09:37,2023-04-13 10:17:18
GitHub-Chinese-Top-Charts,GrowingGit,GrowingGit/GitHub-Chinese-Top-Charts,False,,61147,61147,8871,:cn: GitHub‰∏≠ÊñáÊéíË°åÊ¶úÔºåÂêÑËØ≠Ë®ÄÂàÜËÆæ„ÄåËΩØ‰ª∂ | ËµÑÊñô„ÄçÊ¶úÂçïÔºåÁ≤æÂáÜÂÆö‰Ωç‰∏≠ÊñáÂ•ΩÈ°πÁõÆ„ÄÇÂêÑÂèñÊâÄÈúÄÔºåÈ´òÊïàÂ≠¶‰π†„ÄÇ,Java,['Java'],[],1,121,8,LICENSE.md,2019-09-05 03:01:56,2023-04-13 10:30:22
express,expressjs,expressjs/express,False,,60549,60549,10420,"Fast, unopinionated, minimalist web framework for node.",JavaScript,"['JavaScript', 'Makefile', 'Shell']","['express', 'javascript', 'nodejs', 'server']",275,156,52,LICENSE,2009-06-26 18:56:01,2023-04-13 08:47:37
godot,godotengine,godotengine/godot,False,,60340,60340,10529,Godot Engine ‚Äì Multi-platform 2D and 3D game engine,C++,"['C++', 'C#', 'C', 'GLSL', 'Java', 'Python', 'Objective-C++', 'JavaScript', 'GDScript', 'Kotlin', 'Shell', 'Objective-C', 'PowerShell', 'AppleScript', 'AIDL', 'CMake', 'GAP']","['game-development', 'game-engine', 'gamedev', 'godot', 'godotengine', 'hacktoberfest', 'multi-platform', 'open-source']",462,9334,1658,LICENSE.txt,2014-01-04 16:05:36,2023-04-13 09:44:49
Chart.js,chartjs,chartjs/Chart.js,False,,60289,60289,11825,Simple HTML5 Charts using the <canvas> tag,JavaScript,"['JavaScript', 'TypeScript', 'Shell', 'HTML']","['canvas', 'chart', 'graph', 'hacktoberfest', 'html5', 'html5-charts', 'javascript']",428,243,15,LICENSE.md,2013-03-17 23:56:36,2023-04-13 10:09:33
code-server,coder,coder/code-server,False,,59917,59917,4986,VS Code in the browser,TypeScript,"['TypeScript', 'Shell', 'HTML', 'CSS', 'Mustache', 'HCL', 'Dockerfile', 'Nix', 'Makefile', 'JavaScript']","['browser-ide', 'dev-tools', 'development-environment', 'ide', 'remote-work', 'vscode', 'vscode-remote']",197,258,1,LICENSE,2019-02-27 16:50:41,2023-04-13 09:24:24
awesome-mac,jaywcjlove,jaywcjlove/awesome-mac,False,,59566,59566,5778,"Ô£ø Now we have become very big, Different from the original idea. Collect premium software in various categories.",JavaScript,"['JavaScript', 'Dockerfile']","['apple', 'awesome', 'awesome-list', 'awesome-lists', 'list', 'mac', 'mac-osx', 'macos', 'macosx', 'software']",450,137,44,LICENSE,2016-07-17 15:33:47,2023-04-13 09:15:07
core,home-assistant,home-assistant/core,False,,59564,59564,22737,:house_with_garden: Open source home automation that puts local control and privacy first.,Python,"['Python', 'Shell', 'Dockerfile', 'PLSQL', 'JavaScript', 'Jinja']","['asyncio', 'hacktoberfest', 'home-automation', 'internet-of-things', 'iot', 'mqtt', 'python', 'raspberry-pi']",403,2757,550,LICENSE.md,2013-09-17 07:29:48,2023-04-13 09:55:06
interviews,kdn251,kdn251/interviews,False,,59552,59552,12530,Everything you need to know to get the job.,Java,['Java'],"['algorithm', 'algorithm-challenges', 'algorithm-competitions', 'algorithms', 'coding-challenge', 'coding-challenges', 'coding-interview', 'coding-interviews', 'interview', 'interview-practice', 'interview-prep', 'interview-preparation', 'interview-questions', 'interviews', 'java', 'leetcode', 'leetcode-java', 'leetcode-questions', 'leetcode-solutions', 'technical-coding-interview']",28,109,78,LICENSE,2017-02-14 18:19:25,2023-04-13 10:04:03
redux,reduxjs,reduxjs/redux,False,,59462,59462,15397,Predictable state container for JavaScript apps,TypeScript,"['TypeScript', 'JavaScript', 'CSS']",['redux'],428,61,17,LICENSE.md,2015-05-29 23:53:15,2023-04-13 09:31:04
redis,redis,redis/redis,False,,59389,59389,22429,"Redis is an in-memory database that persists on disk. The data model is key-value, but many different kind of values are supported: Strings, Lists, Sets, Sorted Sets, Hashes, Streams, HyperLogLogs, Bitmaps.",C,"['C', 'Tcl', 'Python', 'Ruby', 'Shell', 'Makefile', 'C++', 'Smarty', 'JavaScript']",[],388,2352,512,COPYING,2009-03-21 22:32:25,2023-04-13 10:14:03
atom,atom,atom/atom,False,,59290,59290,18351,:atom: The hackable text editor,JavaScript,"['JavaScript', 'Less', 'CoffeeScript', 'Shell', 'Batchfile', 'Dockerfile', 'HTML', 'EJS']","['atom', 'editor', 'electron', 'javascript', 'linux', 'macos', 'windows']",329,1001,32,LICENSE.md,2012-01-20 18:18:21,2023-04-13 09:49:55
angular.js,angular,angular/angular.js,False,,59210,59210,28130,AngularJS - HTML enhanced for web apps!,JavaScript,"['JavaScript', 'HTML', 'Shell', 'PHP', 'CSS']",[],400,467,76,LICENSE,2010-01-06 00:34:37,2023-04-13 09:14:53
protobuf,protocolbuffers,protocolbuffers/protobuf,False,,58938,58938,14945,Protocol Buffers - Google's data interchange format,C++,"['C++', 'C#', 'Java', 'Objective-C', 'C', 'Python', 'PHP', 'Starlark', 'Ruby', 'Kotlin', 'CMake', 'Shell', 'Rust', 'Swift', 'Emacs Lisp', 'Vim Script', 'Objective-C++', 'Batchfile', 'PowerShell', 'Awk', 'Makefile', 'M4']","['marshalling', 'protobuf', 'protobuf-runtime', 'protoc', 'protocol-buffers', 'protocol-compiler', 'rpc', 'serialization']",372,857,180,LICENSE,2014-08-26 15:52:15,2023-04-13 10:02:44
markdown-here,adam-p,adam-p/markdown-here,False,,58568,58568,11384,"Google Chrome, Firefox, and Thunderbird extension that lets you write email in Markdown and render it before sending.",JavaScript,"['JavaScript', 'CSS', 'HTML', 'Makefile']",[],11,322,26,LICENSE,2012-05-13 03:27:22,2023-04-13 07:07:24
awesome-machine-learning,josephmisiti,josephmisiti/awesome-machine-learning,False,,58492,58492,13987,"A curated list of awesome Machine Learning frameworks, libraries and software.",Python,['Python'],[],446,0,0,LICENSE,2014-07-15 19:11:19,2023-04-13 10:29:49
socket.io,socketio,socketio/socket.io,False,,58018,58018,10193,Realtime application framework (Node.JS server),TypeScript,"['TypeScript', 'JavaScript']","['javascript', 'nodejs', 'socket-io', 'websocket']",192,116,8,LICENSE,2010-03-11 18:24:48,2023-04-13 07:09:02
keras,keras-team,keras-team/keras,False,,57890,57890,19314,Deep Learning for humans,Python,"['Python', 'Starlark', 'Shell', 'Dockerfile']","['data-science', 'deep-learning', 'machine-learning', 'neural-networks', 'python', 'tensorflow']",423,414,129,LICENSE,2015-03-28 00:35:42,2023-04-13 07:54:31
jquery,jquery,jquery/jquery,False,,57354,57354,20750,jQuery JavaScript Library,JavaScript,"['JavaScript', 'HTML', 'PHP', 'CSS']",['jquery'],290,82,16,LICENSE.txt,2009-04-03 15:20:14,2023-04-13 10:02:55
ansible,ansible,ansible/ansible,False,,57003,57003,23232,"Ansible is a radically simple IT automation platform that makes your applications and systems easier to deploy and maintain. Automate everything from code deployment to network configuration to cloud management, in a language that approaches plain English, using SSH, with no agents to install on remote systems. https://docs.ansible.com.",Python,"['Python', 'PowerShell', 'Shell', 'C#', 'Jinja', 'Go', 'Makefile', 'Roff', 'Batchfile']","['ansible', 'hacktoberfest', 'python']",379,998,325,COPYING,2012-03-06 14:58:02,2023-04-13 09:16:28
Front-end-Developer-Interview-Questions,h5bp,h5bp/Front-end-Developer-Interview-Questions,False,,56863,56863,10850,"A list of helpful front-end related questions you can use to interview potential candidates, test yourself or completely ignore.",Nunjucks,"['Nunjucks', 'CSS', 'JavaScript']","['css-questions', 'front-end', 'html-questions', 'interview-questions', 'interview-test', 'js-questions']",219,10,6,LICENSE.md,2012-02-09 23:34:10,2023-04-13 09:30:33
fastapi,tiangolo,tiangolo/fastapi,False,,56594,56594,4713,"FastAPI framework, high performance, easy to learn, fast to code, ready for production",Python,"['Python', 'Shell', 'HTML', 'CSS']","['api', 'async', 'asyncio', 'fastapi', 'framework', 'json', 'json-schema', 'openapi', 'openapi3', 'pydantic', 'python', 'python-types', 'python3', 'redoc', 'rest', 'starlette', 'swagger', 'swagger-ui', 'uvicorn', 'web']",411,505,489,LICENSE,2018-12-08 08:21:47,2023-04-13 10:27:28
mermaid,mermaid-js,mermaid-js/mermaid,False,,56490,56490,4457,Generation of diagrams like flowcharts or sequence diagrams from text in a similar manner as markdown,JavaScript,"['JavaScript', 'HTML', 'TypeScript', 'Yacc', 'Python', 'Vue', 'CSS', 'Shell']","['documentation', 'flowchart', 'hacktoberfest', 'hacktoberfest2022', 'javascript', 'typescript', 'uml-diagrams']",392,834,22,LICENSE,2014-11-01 23:52:32,2023-04-13 10:24:52
nocode,kelseyhightower,kelseyhightower/nocode,False,,56403,56403,4667,The best way to write secure and reliable applications. Write nothing; deploy nowhere.,Dockerfile,['Dockerfile'],[],1,4330,461,LICENSE,2018-02-06 23:54:00,2023-04-13 10:25:13
shadowsocks-windows,shadowsocks,shadowsocks/shadowsocks-windows,False,,56296,56296,16433,A C# port of shadowsocks,C#,"['C#', 'JavaScript']","['c-sharp', 'proxy', 'shadowsocks']",75,134,9,LICENSE.txt,2013-01-14 07:54:16,2023-04-13 09:07:07
lodash,lodash,lodash/lodash,False,,56052,56052,6875,"A modern JavaScript utility library delivering modularity, performance, & extras.",JavaScript,['JavaScript'],"['javascript', 'lodash', 'modules', 'utilities']",287,487,160,LICENSE,2012-04-07 04:11:46,2023-04-13 09:43:04
nest,nestjs,nestjs/nest,False,,55863,55863,6754,"A progressive Node.js framework for building efficient, scalable, and enterprise-grade server-side applications on top of TypeScript & JavaScript (ES6, ES7, ES8) üöÄ",TypeScript,"['TypeScript', 'JavaScript', 'Shell']","['framework', 'hacktoberfest', 'javascript', 'javascript-framework', 'microservices', 'nest', 'nestjs', 'node', 'nodejs', 'nodejs-framework', 'typescript', 'typescript-framework', 'websockets']",369,66,28,LICENSE,2017-02-04 20:12:52,2023-04-13 08:44:20
33-js-concepts,leonardomso,leonardomso/33-js-concepts,False,,55755,55755,7807,üìú 33 JavaScript concepts every developer should know.,JavaScript,['JavaScript'],"['angular', 'concepts', 'es6', 'es6-javascript', 'hacktoberfest', 'javascript', 'javascript-closures', 'javascript-engines', 'javascript-programming', 'nodejs', 'primitive-types', 'programming', 'react']",117,74,58,LICENSE,2018-09-04 13:27:04,2023-04-13 08:15:58
vite,vitejs,vitejs/vite,False,,55066,55066,4869,Next generation frontend tooling. It's fast!,TypeScript,"['TypeScript', 'JavaScript', 'HTML', 'CSS', 'Vue', 'AppleScript', 'Svelte', 'SCSS', 'Less', 'Stylus', 'SugarSS', 'Shell', 'Pug', 'Astro', 'Sass']","['build-tool', 'dev-server', 'frontend', 'hmr', 'vite']",450,500,121,LICENSE,2020-04-21 05:03:57,2023-04-13 10:17:15
grafana,grafana,grafana/grafana,False,,54856,54856,10706,"The open and composable observability and data visualization platform. Visualize metrics, logs, and traces from multiple sources like Prometheus, Loki, Elasticsearch, InfluxDB, Postgres and many more. ",TypeScript,"['TypeScript', 'Go', 'Rich Text Format', 'HTML', 'SCSS', 'CUE', 'Starlark', 'Shell', 'JavaScript', 'Jsonnet', 'Dockerfile', 'Python', 'Makefile', 'Jinja', 'CSS', 'Smarty', 'Mustache', 'HCL', 'PowerShell', 'Assembly']","['alerting', 'analytics', 'business-intelligence', 'dashboard', 'data-visualization', 'elasticsearch', 'go', 'grafana', 'hacktoberfest', 'influxdb', 'metrics', 'monitoring', 'mysql', 'postgres', 'prometheus']",378,3461,354,LICENSE,2013-12-11 15:59:56,2023-04-13 10:06:08
echarts,apache,apache/echarts,False,,54799,54799,19437,"Apache ECharts is a powerful, interactive charting and data visualization library for browser",TypeScript,"['TypeScript', 'JavaScript', 'Smarty', 'HTML']","['apache', 'canvas', 'charting-library', 'charts', 'data-visualization', 'data-viz', 'echarts', 'svg', 'visualization']",202,2295,113,LICENSE,2013-04-03 03:18:59,2023-04-13 09:28:56
Apollo-11,chrislgarry,chrislgarry/Apollo-11,False,,54683,54683,6829,Original Apollo 11 Guidance Computer (AGC) source code for the command and lunar modules.,Assembly,['Assembly'],"['agc', 'apollo', 'hacktoberfest', 'nasa']",171,136,75,LICENSE.md,2014-04-03 15:45:02,2023-04-13 04:36:22
the-algorithm,twitter,twitter/the-algorithm,False,,54450,54450,11243,Source code for Twitter's Recommendation Algorithm,Scala,"['Scala', 'Java', 'Starlark', 'Python', 'C++', 'Rust', 'Thrift', 'C', 'Shell', 'CMake', 'Dockerfile']",[],3,314,191,COPYING,2023-03-27 14:57:57,2023-04-13 10:05:48
gatsby,gatsbyjs,gatsbyjs/gatsby,False,,54357,54357,10528,The fastest frontend for the headless web. Build modern websites with React.,JavaScript,"['JavaScript', 'TypeScript', 'CSS', 'HTML', 'Shell', 'Dockerfile', 'PHP', 'EJS', 'Python', 'Less', 'SCSS', 'Stylus']","['blog', 'compiler', 'gatsby', 'graphql', 'react', 'static-site-generator', 'web-app']",420,133,63,LICENSE,2015-05-21 22:43:05,2023-04-13 07:16:15
html5-boilerplate,h5bp,h5bp/html5-boilerplate,False,,54212,54212,12195,"A professional front-end template for building fast, robust, and adaptable web apps or sites.",JavaScript,"['JavaScript', 'HTML']","['best-practices', 'css', 'html', 'html5', 'html5-boilerplate', 'javascript', 'robust']",245,7,4,LICENSE.txt,2010-01-24 18:03:24,2023-04-13 06:12:11
github-readme-stats,anuraghazra,anuraghazra/github-readme-stats,False,,54015,54015,15947,:zap: Dynamically generated stats for your github readmes,JavaScript,"['JavaScript', 'Shell']","['dynamic', 'hacktoberfest', 'profile-readme', 'readme-generator', 'readme-stats', 'serverless']",244,274,176,LICENSE,2020-07-09 10:34:22,2023-04-13 10:17:43
javascript-questions,lydiahallie,lydiahallie/javascript-questions,False,,53868,53868,7661,"A long list of (advanced) JavaScript questions, and their explanations :sparkles:  ",,[],[],187,7,4,LICENSE,2019-06-12 08:26:27,2023-04-13 09:59:30
scikit-learn,scikit-learn,scikit-learn/scikit-learn,False,,53781,53781,24179,scikit-learn: machine learning in Python,Python,"['Python', 'Cython', 'C++', 'C', 'Shell', 'Makefile', 'Starlark']","['data-analysis', 'data-science', 'machine-learning', 'python', 'statistics']",413,2168,596,COPYING,2010-08-17 09:43:38,2023-04-13 08:23:24
awesome-public-datasets,awesomedata,awesomedata/awesome-public-datasets,False,,53735,53735,9252,A topic-centric list of HQ open datasets.,,[],"['aaron-swartz', 'awesome-public-datasets', 'datasets', 'opendata']",146,122,60,LICENSE,2014-11-20 06:20:50,2023-04-13 09:43:25
element,ElemeFE,ElemeFE/element,False,,53265,53265,14526,A Vue.js 2.0 UI Toolkit for Web,Vue,"['Vue', 'JavaScript', 'SCSS', 'Shell', 'Makefile']","['components', 'element-ui', 'javascript', 'ui-kit', 'vue', 'vue-components', 'vuejs']",411,2491,255,LICENSE,2016-09-03 06:19:26,2023-04-13 10:21:25
strapi,strapi,strapi/strapi,False,,53081,53081,6439,"üöÄ Strapi is the leading open-source headless CMS. It‚Äôs 100% JavaScript, fully customizable and developer-first.",JavaScript,"['JavaScript', 'TypeScript', 'Handlebars', 'HTML', 'Shell']","['api', 'cms', 'cms-framework', 'content-management', 'content-management-system', 'customizable', 'dashboard', 'graphql', 'hacktoberfest', 'hacktoberfest2022', 'headless-cms', 'jamstack', 'javascript', 'koa', 'koa2', 'mysql', 'nodejs', 'rest', 'strapi']",368,362,88,LICENSE,2015-09-30 15:34:48,2023-04-13 10:34:46
HowToCook,Anduin2017,Anduin2017/HowToCook,False,,52838,52838,7671,Á®ãÂ∫èÂëòÂú®ÂÆ∂ÂÅöÈ•≠ÊñπÊ≥ïÊåáÂçó„ÄÇProgrammer's guide about how to cook at home (Chinese only).,HTML,"['HTML', 'Shell']","['chinese', 'cookbook', 'cooking', 'dishes', 'recipes']",312,358,20,LICENSE,2020-02-29 10:43:49,2023-04-13 09:25:22
rails,rails,rails/rails,False,,52635,52635,21035,Ruby on Rails,Ruby,"['Ruby', 'JavaScript', 'HTML', 'CSS', 'Shell', 'Dockerfile', 'Yacc']","['activejob', 'activerecord', 'framework', 'html', 'mvc', 'rails', 'ruby']",370,810,434,MIT-LICENSE,2008-04-11 02:19:47,2023-04-13 09:03:40
cpython,python,python/cpython,False,,51878,51878,26456,The Python programming language,Python,"['Python', 'C', 'C++', 'M4', 'HTML', 'Batchfile', 'Shell', 'Roff', 'Makefile', 'Objective-C', 'Common Lisp', 'PLSQL', 'PowerShell', 'Rich Text Format', 'Assembly', 'DTrace', 'JavaScript', 'CSS', 'XSLT', 'Dockerfile', 'VBScript']",[],347,8333,1513,LICENSE,2017-02-10 19:23:51,2023-04-13 10:23:53
fzf,junegunn,junegunn/fzf,False,,51537,51537,2175,:cherry_blossom: A command-line fuzzy finder,Go,"['Go', 'Ruby', 'Shell', 'Vim Script', 'Makefile', 'PowerShell', 'Dockerfile']","['bash', 'cli', 'fish', 'fzf', 'go', 'neovim', 'tmux', 'unix', 'vim', 'zsh']",216,316,56,LICENSE,2013-10-23 16:04:23,2023-04-13 10:29:07
spring-framework,spring-projects,spring-projects/spring-framework,False,,51454,51454,35907,Spring Framework,Java,"['Java', 'Kotlin', 'AspectJ', 'FreeMarker', 'Groovy', 'Shell', 'XSLT', 'HTML', 'Ruby', 'CSS', 'Smarty', 'PLpgSQL', 'JavaScript', 'Python', 'Dockerfile']","['framework', 'spring', 'spring-framework']",390,1421,182,LICENSE.txt,2010-12-08 04:04:45,2023-04-13 09:20:02
superset,apache,apache/superset,False,,51408,51408,10432,Apache Superset is a Data Visualization and Data Exploration Platform,TypeScript,"['TypeScript', 'Python', 'Jupyter Notebook', 'JavaScript', 'HTML', 'Less', 'Shell', 'Dockerfile', 'Jinja', 'CSS', 'Makefile', 'Smarty', 'Pug', 'Mako']","['analytics', 'apache', 'apache-superset', 'asf', 'bi', 'business-analytics', 'business-intelligence', 'data-analysis', 'data-analytics', 'data-engineering', 'data-science', 'data-visualization', 'data-viz', 'flask', 'python', 'react', 'sql-editor', 'superset']",426,1324,216,LICENSE.txt,2015-07-21 18:55:34,2023-04-13 09:24:10
Java,TheAlgorithms,TheAlgorithms/Java,False,,51219,51219,16888,All Algorithms implemented in Java,Java,"['Java', 'Dockerfile']","['algorithm', 'algorithm-challenges', 'algorithms', 'algorithms-datastructures', 'data-structures', 'hacktoberfest', 'java', 'search', 'sort', 'sorting-algorithms']",432,15,12,LICENSE,2016-07-16 10:21:02,2023-04-13 10:35:22
Best-websites-a-programmer-should-visit,sdmg15,sdmg15/Best-websites-a-programmer-should-visit,False,,51167,51167,6778,:link: Some useful websites for programmers.,,[],"['books', 'cs', 'hacktoberfest', 'links', 'programmer', 'sites']",262,811,774,LICENSE,2017-03-05 20:25:17,2023-04-13 09:53:57
leetcode,azl397985856,azl397985856/leetcode,False,,50985,50985,9290,Êé®ËçêÂà∑È¢òÁΩëÁ´ôÔºöhttps://www.lintcode.com/?utm_source=tf-github-lucifer2022  LeetCode Solutions: A Record of My Problem Solving Journey.( leetcodeÈ¢òËß£ÔºåËÆ∞ÂΩïËá™Â∑±ÁöÑleetcodeËß£È¢ò‰πãË∑Ø„ÄÇ),JavaScript,"['JavaScript', 'Python', 'Ruby']","['algo', 'algorithm', 'algorithms', 'algorithms-datastructures', 'computer-science', 'cpp', 'data-structures', 'interview', 'java', 'javascript', 'leetcode', 'leetcode-solutions', 'python', 'tree']",76,6,1,LICENSE.txt,2018-03-30 09:13:51,2023-04-13 10:01:27
hoppscotch,hoppscotch,hoppscotch/hoppscotch,False,,50902,50902,3472,üëΩ Open source API development ecosystem - https://hoppscotch.io,TypeScript,"['TypeScript', 'Vue', 'JavaScript', 'SCSS', 'Handlebars', 'Dockerfile', 'HTML', 'Shell']","['api', 'api-client', 'api-rest', 'api-testing', 'developer-tools', 'graphql', 'hacktoberfest', 'http', 'http-client', 'pwa', 'rest', 'rest-api', 'spa', 'testing', 'testing-tools', 'tools', 'vue', 'vuejs', 'websocket']",183,110,6,LICENSE,2019-08-21 13:15:24,2023-04-13 10:09:15
stable-diffusion,CompVis,CompVis/stable-diffusion,False,,50799,50799,7870,A latent text-to-image diffusion model,Jupyter Notebook,"['Jupyter Notebook', 'Python', 'Shell']",[],8,460,60,LICENSE,2022-08-10 14:36:44,2023-04-13 10:33:56
design-resources-for-developers,bradtraversy,bradtraversy/design-resources-for-developers,False,,50677,50677,10354,"Curated list of design and UI resources from stock photos, web templates, CSS frameworks, UI libraries, tools and much more",,[],[],380,2,2,LICENSE,2020-05-06 14:40:35,2023-04-13 09:51:02
awesome-nodejs,sindresorhus,sindresorhus/awesome-nodejs,False,,50665,50665,5633,:zap: Delightful Node.js packages and resources,,[],"['awesome', 'awesome-list', 'javascript', 'list', 'node', 'nodejs']",332,23,22,license,2014-07-11 13:35:34,2023-04-13 08:56:03
manim,3b1b,3b1b/manim,False,,50629,50629,5264,Animation engine for explanatory math videos,Python,"['Python', 'GLSL']","['3b1b-videos', 'animation', 'explanatory-math-videos', 'python']",142,364,9,LICENSE.md,2015-03-22 18:50:58,2023-04-13 10:04:32
syncthing,syncthing,syncthing/syncthing,False,,50559,50559,3716,Open Source Continuous File Synchronization,Go,"['Go', 'HTML', 'JavaScript', 'TypeScript', 'Shell', 'CSS', 'SCSS', 'Dockerfile', 'Ruby', 'PowerShell', 'Batchfile']","['go', 'p2p', 'peer-to-peer', 'synchronization']",277,321,16,LICENSE,2013-11-26 09:48:21,2023-04-13 10:01:34
Semantic-UI,Semantic-Org,Semantic-Org/Semantic-UI,False,,50513,50513,5104,Semantic is a UI component framework based around useful principles from natural language.,JavaScript,"['JavaScript', 'Less', 'HTML']","['button', 'css-framework', 'dropdown', 'flexbox', 'popup', 'semantic', 'sidebar', 'tooltip', 'ui', 'ui-components']",186,1069,113,LICENSE.md,2013-04-08 23:32:04,2023-04-13 10:09:22
tesseract,tesseract-ocr,tesseract-ocr/tesseract,False,,50316,50316,8474,Tesseract Open Source OCR Engine (main repository),C++,"['C++', 'C', 'Java', 'Makefile', 'CMake', 'Shell', 'M4', 'Python', 'Dockerfile']","['hacktoberfest', 'lstm', 'machine-learning', 'ocr', 'ocr-engine', 'tesseract', 'tesseract-ocr']",165,392,16,LICENSE,2014-08-12 18:04:59,2023-04-13 09:03:37
DeepLearning-500-questions,scutan90,scutan90/DeepLearning-500-questions,False,,50287,50287,15510,Ê∑±Â∫¶Â≠¶‰π†500ÈóÆÔºå‰ª•ÈóÆÁ≠îÂΩ¢ÂºèÂØπÂ∏∏Áî®ÁöÑÊ¶ÇÁéáÁü•ËØÜ„ÄÅÁ∫øÊÄß‰ª£Êï∞„ÄÅÊú∫Âô®Â≠¶‰π†„ÄÅÊ∑±Â∫¶Â≠¶‰π†„ÄÅËÆ°ÁÆóÊú∫ËßÜËßâÁ≠âÁÉ≠ÁÇπÈóÆÈ¢òËøõË°åÈòêËø∞Ôºå‰ª•Â∏ÆÂä©Ëá™Â∑±ÂèäÊúâÈúÄË¶ÅÁöÑËØªËÄÖ„ÄÇ ÂÖ®‰π¶ÂàÜ‰∏∫18‰∏™Á´†ËäÇÔºå50‰Ωô‰∏áÂ≠ó„ÄÇÁî±‰∫éÊ∞¥Âπ≥ÊúâÈôêÔºå‰π¶‰∏≠‰∏çÂ¶•‰πãÂ§ÑÊÅ≥ËØ∑ÂπøÂ§ßËØªËÄÖÊâπËØÑÊåáÊ≠£„ÄÇ   Êú™ÂÆåÂæÖÁª≠............ Â¶ÇÊúâÊÑèÂêà‰ΩúÔºåËÅîÁ≥ªscutjy2015@163.com                     ÁâàÊùÉÊâÄÊúâÔºåËøùÊùÉÂøÖÁ©∂       Tan 2018.06,JavaScript,"['JavaScript', 'HTML']",[],100,107,5,LICENSE,2018-06-27 06:36:45,2023-04-13 09:29:27
normalize.css,necolas,necolas/normalize.css,False,,50133,50133,10978,A modern alternative to CSS resets,CSS,['CSS'],"['css', 'css-reset', 'normalize-css']",36,75,32,LICENSE.md,2011-05-04 10:20:25,2023-04-13 09:29:56
react-router,remix-run,remix-run/react-router,False,,50092,50092,9975,Declarative routing for React,TypeScript,"['TypeScript', 'JavaScript', 'CSS', 'HTML']",[],429,76,13,LICENSE.md,2014-05-16 22:22:51,2023-04-13 09:35:13
